home_team,away_team,home_win,draw,home_loss
Argentina,Australia,0.9975426,0.0018995649,0.00055779587
Brazil,Korea Republic,0.9087526,0.080862574,0.010384863
England,Senegal,0.99802727,0.0017697449,0.00020299805
France,Poland,0.94414264,0.05079583,0.0050615314
Japan,Croatia,0.011555638,0.12628448,0.8621599
Morocco,Spain,0.07183455,0.9165799,0.011585506
Netherlands,USA,0.98348397,0.0122292,0.0042867903
Portugal,Switzerland,0.977792,0.009458169,0.012749783
