home_team,away_team,home_win,draw,home_loss
Croatia,Brazil,0.029120104,0.87039983,0.1004801
England,France,0.22932823,0.13580221,0.6348696
Morocco,Portugal,0.1933338,0.046347756,0.76031846
Netherlands,Argentina,0.06267467,0.04296109,0.89436424
