home_team,away_team,home_win,draw,home_loss
Argentina,Croatia,0.92057943,0.0058195614,0.07360099
France,Morocco,0.9991721,0.00030478442,0.000523178
